city,weather_time,temperature,humidity,pressure,wind_speed,weather_code,precipitation
Hyderabad,2026-09-29T00:00,25.9,69,1012.5,3.9,0,0.0
Hyderabad,2026-09-29T01:00,25.3,72,1012.0,3.7,0,0.0
Hyderabad,2026-09-29T02:00,24.9,73,1011.7,3.2,0,0.0
Hyderabad,2026-09-29T03:00,24.5,76,1011.5,1.1,0,0.0
Hyderabad,2026-09-29T04:00,23.9,80,1011.7,0.5,1,0.0
Hyderabad,2026-09-29T05:00,24.3,78,1012.5,2.9,0,0.0
Hyderabad,2026-09-29T06:00,24.2,77,1013.1,5.1,1,0.0
Hyderabad,2026-09-29T07:00,25.7,69,1014.3,3.2,1,0.0
Hyderabad,2026-09-29T08:00,27.9,56,1014.3,5.2,1,0.0
Hyderabad,2026-09-29T09:00,29.8,43,1014.3,6.5,2,0.0
Hyderabad,2026-09-29T10:00,31.3,37,1014.0,7.3,3,0.0
Hyderabad,2026-09-29T11:00,32.0,38,1013.9,8.3,3,0.0
Hyderabad,2026-09-29T12:00,32.1,37,1012.8,8.6,2,0.0
Hyderabad,2026-09-29T13:00,32.4,36,1011.8,9.7,2,0.0
Hyderabad,2026-09-29T14:00,32.4,35,1010.5,9.8,3,0.0
Hyderabad,2026-09-29T15:00,32.4,34,1010.1,10.1,3,0.0
Hyderabad,2026-09-29T16:00,31.7,37,1010.1,10.7,3,0.0
Hyderabad,2026-09-29T17:00,30.7,40,1010.6,10.0,3,0.0
Hyderabad,2026-09-29T18:00,29.9,44,1011.3,8.6,3,0.0
Hyderabad,2026-09-29T19:00,29.3,47,1012.5,6.8,3,0.0
Hyderabad,2026-09-29T20:00,28.4,51,1013.4,5.2,3,0.0
Hyderabad,2026-09-29T21:00,27.8,54,1014.0,5.4,3,0.0
Hyderabad,2026-09-29T22:00,27.0,57,1013.9,4.7,1,0.0
Hyderabad,2026-09-29T23:00,26.6,60,1013.8,3.1,0,0.0
Hyderabad,2026-09-30T00:00,26.1,61,1013.3,2.7,0,0.0
Hyderabad,2026-09-30T01:00,25.6,64,1012.7,1.5,0,0.0
Hyderabad,2026-09-30T02:00,24.7,69,1012.4,1.9,0,0.0
Hyderabad,2026-09-30T03:00,24.0,75,1012.3,3.0,0,0.0
Hyderabad,2026-09-30T04:00,23.4,79,1012.5,4.3,0,0.0
Hyderabad,2026-09-30T05:00,22.9,84,1012.9,4.6,1,0.0
Hyderabad,2026-09-30T06:00,22.7,86,1013.9,4.4,0,0.0
Hyderabad,2026-09-30T07:00,24.7,75,1014.6,2.5,1,0.0
Hyderabad,2026-09-30T08:00,27.8,56,1014.9,1.7,1,0.0
Hyderabad,2026-09-30T09:00,30.1,44,1014.8,1.3,1,0.0
Hyderabad,2026-09-30T10:00,31.8,37,1014.3,3.2,3,0.0
Hyderabad,2026-09-30T11:00,32.9,34,1013.5,5.1,3,0.0
Hyderabad,2026-09-30T12:00,34.1,30,1012.2,6.7,2,0.0
Hyderabad,2026-09-30T13:00,34.5,29,1010.8,9.5,3,0.0
Hyderabad,2026-09-30T14:00,33.4,32,1010.2,12.1,3,0.0
Hyderabad,2026-09-30T15:00,32.8,35,1010.1,11.0,51,0.3
Hyderabad,2026-09-30T16:00,32.4,35,1010.1,9.8,3,0.0
Hyderabad,2026-09-30T17:00,31.5,39,1010.4,12.4,2,0.0
Hyderabad,2026-09-30T18:00,30.5,43,1011.6,10.0,2,0.0
Hyderabad,2026-09-30T19:00,30.1,45,1012.9,6.0,0,0.0
Hyderabad,2026-09-30T20:00,29.4,50,1013.9,3.5,0,0.0
Hyderabad,2026-09-30T21:00,28.7,54,1014.3,2.1,0,0.0
Hyderabad,2026-09-30T22:00,28.1,57,1014.4,2.3,0,0.0
Hyderabad,2026-09-30T23:00,27.7,59,1014.3,2.3,0,0.0
Hyderabad,2026-10-01T00:00,27.2,60,1014.1,3.0,1,0.0
Hyderabad,2026-10-01T01:00,26.6,62,1013.7,3.2,2,0.0
Hyderabad,2026-10-01T02:00,26.0,64,1013.0,3.9,1,0.0
Hyderabad,2026-10-01T03:00,25.6,67,1012.8,3.4,2,0.0
Hyderabad,2026-10-01T04:00,25.1,69,1013.1,3.1,1,0.0
Hyderabad,2026-10-01T05:00,24.8,72,1013.7,1.2,0,0.0
Hyderabad,2026-10-01T06:00,24.6,74,1014.5,1.1,0,0.0
Hyderabad,2026-10-01T07:00,26.1,65,1015.4,0.9,1,0.0
Hyderabad,2026-10-01T08:00,28.2,55,1015.8,1.3,1,0.0
Hyderabad,2026-10-01T09:00,30.1,47,1015.7,3.0,1,0.0
Hyderabad,2026-10-01T10:00,31.8,41,1015.0,5.0,1,0.0
Hyderabad,2026-10-01T11:00,33.0,38,1013.9,6.2,1,0.0
Hyderabad,2026-10-01T12:00,33.7,36,1012.5,7.6,1,0.0
Hyderabad,2026-10-01T13:00,34.2,35,1011.4,9.2,1,0.0
Hyderabad,2026-10-01T14:00,33.9,36,1010.7,10.1,2,0.0
Hyderabad,2026-10-01T15:00,33.1,36,1010.4,10.9,51,0.2
Hyderabad,2026-10-01T16:00,32.0,40,1010.7,11.6,51,0.2
Hyderabad,2026-10-01T17:00,30.8,47,1011.3,11.7,51,0.1
Hyderabad,2026-10-01T18:00,30.2,50,1012.1,10.9,3,0.0
Hyderabad,2026-10-01T19:00,29.8,53,1013.5,10.0,2,0.0
Hyderabad,2026-10-01T20:00,29.1,57,1014.9,8.8,2,0.0
Hyderabad,2026-10-01T21:00,28.4,60,1015.5,7.0,2,0.0
Hyderabad,2026-10-01T22:00,27.8,63,1015.4,6.1,1,0.0
Hyderabad,2026-10-01T23:00,27.3,66,1015.3,5.4,0,0.0
Hyderabad,2026-10-02T00:00,26.8,69,1014.8,4.3,0,0.0
Hyderabad,2026-10-02T01:00,26.4,71,1014.2,3.8,0,0.0
Hyderabad,2026-10-02T02:00,26.1,72,1013.6,4.1,0,0.0
Hyderabad,2026-10-02T03:00,25.7,74,1013.7,3.8,0,0.0
Hyderabad,2026-10-02T04:00,25.4,75,1014.0,3.9,1,0.0
Hyderabad,2026-10-02T05:00,25.0,76,1014.8,4.1,1,0.0
Hyderabad,2026-10-02T06:00,25.0,76,1015.7,4.0,0,0.0
Hyderabad,2026-10-02T07:00,26.4,68,1016.8,3.5,1,0.0
Hyderabad,2026-10-02T08:00,28.2,59,1017.3,5.7,1,0.0
Hyderabad,2026-10-02T09:00,29.7,53,1017.3,5.5,0,0.0
Hyderabad,2026-10-02T10:00,31.1,46,1016.8,5.5,51,0.1
Hyderabad,2026-10-02T11:00,31.9,42,1015.9,5.8,51,0.2
Hyderabad,2026-10-02T12:00,32.8,39,1014.4,6.8,51,0.2
Hyderabad,2026-10-02T13:00,32.8,39,1013.4,8.0,51,0.2
Hyderabad,2026-10-02T14:00,32.7,39,1012.6,8.7,51,0.4
Hyderabad,2026-10-02T15:00,32.1,40,1012.2,9.0,53,0.6
Hyderabad,2026-10-02T16:00,31.1,44,1012.4,9.7,53,0.9
Hyderabad,2026-10-02T17:00,29.9,50,1013.1,8.1,53,0.8
Hyderabad,2026-10-02T18:00,29.4,54,1013.9,7.3,51,0.1
Hyderabad,2026-10-02T19:00,29.0,57,1014.8,7.1,0,0.0
Hyderabad,2026-10-02T20:00,28.4,62,1015.7,6.1,1,0.0
Hyderabad,2026-10-02T21:00,27.7,67,1016.0,6.0,1,0.0
Hyderabad,2026-10-02T22:00,27.1,72,1015.8,5.1,1,0.0
Hyderabad,2026-10-02T23:00,26.6,75,1015.6,4.6,1,0.0
Hyderabad,2026-10-03T00:00,26.0,78,1015.0,4.2,0,0.0
Hyderabad,2026-10-03T01:00,25.6,80,1014.5,5.2,51,0.1
Hyderabad,2026-10-03T02:00,24.7,85,1014.4,5.9,51,0.1
Hyderabad,2026-10-03T03:00,24.2,88,1014.4,3.0,0,0.0
Hyderabad,2026-10-03T04:00,24.1,90,1014.7,1.5,0,0.0
Hyderabad,2026-10-03T05:00,24.0,90,1015.3,1.4,0,0.0
Hyderabad,2026-10-03T06:00,24.8,85,1016.1,1.7,0,0.0
Hyderabad,2026-10-03T07:00,25.9,79,1016.9,2.3,0,0.0
Hyderabad,2026-10-03T08:00,27.1,72,1017.4,2.9,0,0.0
Hyderabad,2026-10-03T09:00,28.5,64,1017.2,3.6,51,0.1
Hyderabad,2026-10-03T10:00,29.9,57,1016.5,4.2,51,0.1
Hyderabad,2026-10-03T11:00,30.9,52,1015.7,4.5,51,0.1
Hyderabad,2026-10-03T12:00,31.4,49,1014.7,4.5,51,0.2
Hyderabad,2026-10-03T13:00,31.6,48,1013.5,4.1,51,0.2
Hyderabad,2026-10-03T14:00,31.5,47,1012.6,4.0,51,0.2
Hyderabad,2026-10-03T15:00,31.1,48,1012.3,4.6,51,0.2
Hyderabad,2026-10-03T16:00,30.6,49,1012.3,5.6,51,0.2
Hyderabad,2026-10-03T17:00,29.9,51,1012.6,6.3,51,0.2
Hyderabad,2026-10-03T18:00,29.0,56,1013.4,5.8,0,0.0
Hyderabad,2026-10-03T19:00,28.0,62,1014.5,5.2,0,0.0
Hyderabad,2026-10-03T20:00,27.1,68,1015.2,5.2,0,0.0
Hyderabad,2026-10-03T21:00,26.5,73,1015.4,4.4,0,0.0
Hyderabad,2026-10-03T22:00,26.1,76,1015.2,3.2,0,0.0
Hyderabad,2026-10-03T23:00,25.7,78,1014.9,2.5,0,0.0
Hyderabad,2026-10-04T00:00,25.3,80,1014.4,2.9,0,0.0
Hyderabad,2026-10-04T01:00,25.0,81,1013.8,3.8,0,0.0
Hyderabad,2026-10-04T02:00,24.6,82,1013.4,4.4,0,0.0
Hyderabad,2026-10-04T03:00,23.9,86,1013.5,4.6,0,0.0
Hyderabad,2026-10-04T04:00,23.3,90,1013.8,4.7,0,0.0
Hyderabad,2026-10-04T05:00,23.1,91,1014.2,4.7,0,0.0
Hyderabad,2026-10-04T06:00,23.8,88,1014.9,4.0,0,0.0
Hyderabad,2026-10-04T07:00,24.9,83,1015.6,3.2,0,0.0
Hyderabad,2026-10-04T08:00,26.2,76,1016.0,2.7,0,0.0
Hyderabad,2026-10-04T09:00,27.8,65,1015.7,2.7,0,0.0
Hyderabad,2026-10-04T10:00,29.7,53,1015.0,2.7,0,0.0
Hyderabad,2026-10-04T11:00,31.2,45,1014.1,2.7,1,0.0
Hyderabad,2026-10-04T12:00,32.4,38,1012.9,2.9,1,0.0
Hyderabad,2026-10-04T13:00,33.3,34,1011.5,3.6,1,0.0
Hyderabad,2026-10-04T14:00,33.7,31,1010.5,4.9,1,0.0
Hyderabad,2026-10-04T15:00,33.5,31,1010.3,6.8,1,0.0
Hyderabad,2026-10-04T16:00,32.7,33,1010.5,8.8,2,0.0
Hyderabad,2026-10-04T17:00,31.9,36,1011.0,9.7,2,0.0
Hyderabad,2026-10-04T18:00,31.0,40,1011.9,8.6,1,0.0
Hyderabad,2026-10-04T19:00,30.0,46,1013.1,7.1,1,0.0
Hyderabad,2026-10-04T20:00,29.0,52,1014.0,6.3,0,0.0
Hyderabad,2026-10-04T21:00,28.1,57,1014.4,6.1,0,0.0
Hyderabad,2026-10-04T22:00,27.3,62,1014.5,6.0,0,0.0
Hyderabad,2026-10-04T23:00,26.5,67,1014.4,5.7,0,0.0
Hyderabad,2026-10-05T00:00,25.9,71,1014.0,5.2,0,0.0
Hyderabad,2026-10-05T01:00,25.4,75,1013.3,4.7,0,0.0
Hyderabad,2026-10-05T02:00,24.9,79,1012.9,4.2,0,0.0
Hyderabad,2026-10-05T03:00,24.4,83,1012.9,3.8,0,0.0
Hyderabad,2026-10-05T04:00,24.0,86,1013.1,3.5,0,0.0
Hyderabad,2026-10-05T05:00,24.0,87,1013.5,3.4,0,0.0
Hyderabad,2026-10-05T06:00,24.6,83,1014.3,3.6,0,0.0
Hyderabad,2026-10-05T07:00,25.7,77,1015.2,4.0,0,0.0
Hyderabad,2026-10-05T08:00,27.1,69,1015.7,3.8,0,0.0
Hyderabad,2026-10-05T09:00,28.9,57,1015.3,2.7,0,0.0
Hyderabad,2026-10-05T10:00,30.9,45,1014.4,2.2,0,0.0
Hyderabad,2026-10-05T11:00,32.3,38,1013.8,3.1,0,0.0
Hyderabad,2026-10-05T12:00,32.4,35,1013.5,4.6,0,0.0
Hyderabad,2026-10-05T13:00,32.5,34,1012.9,6.9,0,0.0
Hyderabad,2026-10-05T14:00,32.3,34,1012.1,9.3,0,0.0
Hyderabad,2026-10-05T15:00,31.9,34,1011.5,11.4,0,0.0
Hyderabad,2026-10-05T16:00,31.4,35,1011.0,13.0,0,0.0
Hyderabad,2026-10-05T17:00,30.9,36,1010.8,13.7,0,0.0
Hyderabad,2026-10-05T18:00,30.3,38,1011.1,12.9,0,0.0
Hyderabad,2026-10-05T19:00,29.5,41,1011.7,11.1,0,0.0
Hyderabad,2026-10-05T20:00,28.6,45,1012.5,8.9,0,0.0
Hyderabad,2026-10-05T21:00,27.7,49,1013.3,6.7,0,0.0
Hyderabad,2026-10-05T22:00,26.9,54,1014.1,5.2,0,0.0
Hyderabad,2026-10-05T23:00,26.1,58,1014.6,4.6,0,0.0
Vijayawada,2026-09-29T00:00,27.3,80,1010.0,4.5,1,0.0
Vijayawada,2026-09-29T01:00,26.7,85,1009.5,2.7,1,0.0
Vijayawada,2026-09-29T02:00,26.4,86,1009.3,1.5,2,0.0
Vijayawada,2026-09-29T03:00,26.1,88,1009.1,2.6,3,0.0
Vijayawada,2026-09-29T04:00,26.0,91,1009.5,3.5,2,0.0
Vijayawada,2026-09-29T05:00,26.3,92,1010.0,4.1,2,0.0
Vijayawada,2026-09-29T06:00,26.5,91,1010.7,5.4,2,0.0
Vijayawada,2026-09-29T07:00,28.2,85,1011.7,4.1,2,0.0
Vijayawada,2026-09-29T08:00,30.0,77,1011.9,5.5,1,0.0
Vijayawada,2026-09-29T09:00,31.7,67,1012.0,5.8,0,0.0
Vijayawada,2026-09-29T10:00,32.5,61,1011.8,4.7,1,0.0
Vijayawada,2026-09-29T11:00,33.2,57,1011.2,4.3,2,0.0
Vijayawada,2026-09-29T12:00,33.7,55,1010.2,6.1,1,0.0
Vijayawada,2026-09-29T13:00,33.9,54,1009.3,7.2,1,0.0
Vijayawada,2026-09-29T14:00,33.8,54,1008.3,7.2,0,0.0
Vijayawada,2026-09-29T15:00,33.6,52,1008.2,7.1,1,0.0
Vijayawada,2026-09-29T16:00,33.2,54,1008.1,6.7,0,0.0
Vijayawada,2026-09-29T17:00,31.8,67,1008.4,3.5,0,0.0
Vijayawada,2026-09-29T18:00,30.7,73,1009.1,1.8,0,0.0
Vijayawada,2026-09-29T19:00,30.3,74,1010.1,2.8,0,0.0
Vijayawada,2026-09-29T20:00,29.5,72,1011.0,5.1,0,0.0
Vijayawada,2026-09-29T21:00,28.9,74,1011.6,5.9,0,0.0
Vijayawada,2026-09-29T22:00,28.0,80,1011.7,5.2,0,0.0
Vijayawada,2026-09-29T23:00,27.1,86,1011.6,3.7,0,0.0
Vijayawada,2026-09-30T00:00,26.9,89,1011.3,1.7,2,0.0
Vijayawada,2026-09-30T01:00,26.7,89,1010.7,2.7,3,0.0
Vijayawada,2026-09-30T02:00,26.5,89,1010.2,3.1,2,0.0
Vijayawada,2026-09-30T03:00,26.3,90,1010.1,4.0,3,0.0
Vijayawada,2026-09-30T04:00,26.0,91,1010.2,3.6,3,0.0
Vijayawada,2026-09-30T05:00,25.8,92,1010.6,3.7,2,0.0
Vijayawada,2026-09-30T06:00,26.1,91,1011.3,6.2,2,0.0
Vijayawada,2026-09-30T07:00,27.9,84,1012.1,4.0,2,0.0
Vijayawada,2026-09-30T08:00,29.9,73,1012.7,4.8,3,0.0
Vijayawada,2026-09-30T09:00,31.4,63,1012.8,5.8,3,0.0
Vijayawada,2026-09-30T10:00,32.5,57,1012.7,5.1,3,0.0
Vijayawada,2026-09-30T11:00,33.4,52,1012.0,5.4,3,0.0
Vijayawada,2026-09-30T12:00,33.8,49,1010.8,6.3,2,0.0
Vijayawada,2026-09-30T13:00,34.2,45,1009.7,7.6,1,0.0
Vijayawada,2026-09-30T14:00,34.0,46,1008.9,7.5,1,0.0
Vijayawada,2026-09-30T15:00,33.7,48,1008.5,6.9,1,0.0
Vijayawada,2026-09-30T16:00,33.0,51,1008.4,6.5,1,0.0
Vijayawada,2026-09-30T17:00,31.4,66,1008.7,3.7,0,0.0
Vijayawada,2026-09-30T18:00,30.6,69,1009.6,1.3,0,0.0
Vijayawada,2026-09-30T19:00,30.1,71,1010.8,0.5,0,0.0
Vijayawada,2026-09-30T20:00,29.5,73,1011.8,1.2,0,0.0
Vijayawada,2026-09-30T21:00,28.6,78,1012.3,3.4,1,0.0
Vijayawada,2026-09-30T22:00,27.8,79,1012.3,4.1,1,0.0
Vijayawada,2026-09-30T23:00,27.5,81,1012.2,2.1,1,0.0
Vijayawada,2026-10-01T00:00,27.2,82,1012.1,1.5,3,0.0
Vijayawada,2026-10-01T01:00,27.1,81,1011.7,0.4,3,0.0
Vijayawada,2026-10-01T02:00,26.6,84,1011.1,0.7,2,0.0
Vijayawada,2026-10-01T03:00,26.1,87,1010.9,1.5,2,0.0
Vijayawada,2026-10-01T04:00,25.9,89,1011.1,1.3,2,0.0
Vijayawada,2026-10-01T05:00,25.9,89,1011.5,0.2,3,0.0
Vijayawada,2026-10-01T06:00,26.3,87,1012.4,0.9,2,0.0
Vijayawada,2026-10-01T07:00,27.7,82,1013.2,1.5,2,0.0
Vijayawada,2026-10-01T08:00,29.5,73,1013.8,1.3,3,0.0
Vijayawada,2026-10-01T09:00,31.0,65,1013.9,2.2,3,0.0
Vijayawada,2026-10-01T10:00,32.2,60,1013.5,3.2,3,0.0
Vijayawada,2026-10-01T11:00,32.7,56,1012.5,4.3,51,0.1
Vijayawada,2026-10-01T12:00,33.4,53,1011.2,5.2,51,0.2
Vijayawada,2026-10-01T13:00,33.6,52,1010.3,5.4,51,0.1
Vijayawada,2026-10-01T14:00,33.4,52,1009.5,6.1,51,0.3
Vijayawada,2026-10-01T15:00,33.1,53,1009.2,7.5,51,0.1
Vijayawada,2026-10-01T16:00,32.5,55,1009.3,7.8,51,0.1
Vijayawada,2026-10-01T17:00,31.2,66,1009.8,5.4,0,0.0
Vijayawada,2026-10-01T18:00,30.0,72,1010.5,6.4,0,0.0
Vijayawada,2026-10-01T19:00,29.0,77,1011.8,9.3,0,0.0
Vijayawada,2026-10-01T20:00,28.1,83,1013.1,7.0,1,0.0
Vijayawada,2026-10-01T21:00,27.6,86,1013.7,5.5,1,0.0
Vijayawada,2026-10-01T22:00,27.2,88,1013.6,4.0,0,0.0
Vijayawada,2026-10-01T23:00,26.8,91,1013.5,3.4,3,0.0
Vijayawada,2026-10-02T00:00,26.5,93,1013.1,3.1,3,0.0
Vijayawada,2026-10-02T01:00,26.3,94,1012.5,2.6,3,0.0
Vijayawada,2026-10-02T02:00,26.2,95,1011.9,0.8,2,0.0
Vijayawada,2026-10-02T03:00,26.0,96,1012.0,0.7,1,0.0
Vijayawada,2026-10-02T04:00,25.7,97,1012.3,2.4,0,0.0
Vijayawada,2026-10-02T05:00,25.5,98,1013.1,3.3,1,0.0
Vijayawada,2026-10-02T06:00,25.7,97,1014.1,4.1,2,0.0
Vijayawada,2026-10-02T07:00,27.3,91,1015.1,2.6,1,0.0
Vijayawada,2026-10-02T08:00,29.0,81,1015.7,1.7,0,0.0
Vijayawada,2026-10-02T09:00,30.3,73,1015.9,2.4,1,0.0
Vijayawada,2026-10-02T10:00,31.3,67,1015.6,2.7,1,0.0
Vijayawada,2026-10-02T11:00,32.0,63,1014.6,2.3,1,0.0
Vijayawada,2026-10-02T12:00,32.7,61,1013.3,2.5,1,0.0
Vijayawada,2026-10-02T13:00,32.8,61,1012.1,3.5,1,0.0
Vijayawada,2026-10-02T14:00,32.8,62,1011.2,4.9,51,0.1
Vijayawada,2026-10-02T15:00,32.5,62,1010.8,3.8,51,0.1
Vijayawada,2026-10-02T16:00,29.1,81,1011.3,12.4,95,1.0
Vijayawada,2026-10-02T17:00,29.0,82,1011.7,6.5,51,0.1
Vijayawada,2026-10-02T18:00,28.5,86,1012.8,9.3,2,0.0
Vijayawada,2026-10-02T19:00,27.5,88,1013.6,8.0,0,0.0
Vijayawada,2026-10-02T20:00,27.0,89,1014.5,9.0,0,0.0
Vijayawada,2026-10-02T21:00,26.8,91,1014.7,5.2,0,0.0
Vijayawada,2026-10-02T22:00,26.7,93,1014.5,5.2,0,0.0
Vijayawada,2026-10-02T23:00,26.4,95,1014.4,3.1,0,0.0
Vijayawada,2026-10-03T00:00,26.2,96,1013.8,2.7,0,0.0
Vijayawada,2026-10-03T01:00,26.0,96,1013.2,2.7,0,0.0
Vijayawada,2026-10-03T02:00,25.8,96,1012.9,2.2,0,0.0
Vijayawada,2026-10-03T03:00,25.8,96,1012.9,2.0,0,0.0
Vijayawada,2026-10-03T04:00,25.7,96,1013.2,1.4,0,0.0
Vijayawada,2026-10-03T05:00,25.7,95,1013.9,1.4,0,0.0
Vijayawada,2026-10-03T06:00,26.5,91,1014.7,1.2,0,0.0
Vijayawada,2026-10-03T07:00,27.7,85,1015.5,0.4,0,0.0
Vijayawada,2026-10-03T08:00,28.8,79,1016.0,0.2,0,0.0
Vijayawada,2026-10-03T09:00,29.8,73,1015.8,0.8,51,0.1
Vijayawada,2026-10-03T10:00,30.7,67,1015.2,1.9,51,0.1
Vijayawada,2026-10-03T11:00,31.4,63,1014.4,2.7,51,0.1
Vijayawada,2026-10-03T12:00,31.9,62,1013.4,3.0,51,0.1
Vijayawada,2026-10-03T13:00,32.3,61,1012.3,3.0,51,0.1
Vijayawada,2026-10-03T14:00,32.2,63,1011.5,3.6,51,0.1
Vijayawada,2026-10-03T15:00,31.2,66,1011.3,6.2,0,0.0
Vijayawada,2026-10-03T16:00,29.7,72,1011.4,9.7,1,0.0
Vijayawada,2026-10-03T17:00,28.5,78,1011.7,11.5,1,0.0
Vijayawada,2026-10-03T18:00,27.9,81,1012.3,9.8,1,0.0
Vijayawada,2026-10-03T19:00,27.5,83,1013.1,6.9,0,0.0
Vijayawada,2026-10-03T20:00,27.2,85,1013.7,5.5,0,0.0
Vijayawada,2026-10-03T21:00,26.9,88,1013.9,5.0,0,0.0
Vijayawada,2026-10-03T22:00,26.5,91,1013.9,4.6,0,0.0
Vijayawada,2026-10-03T23:00,26.3,93,1013.7,4.3,0,0.0
Vijayawada,2026-10-04T00:00,26.1,93,1013.2,3.4,0,0.0
Vijayawada,2026-10-04T01:00,26.1,94,1012.5,2.4,0,0.0
Vijayawada,2026-10-04T02:00,26.0,94,1012.0,1.3,0,0.0
Vijayawada,2026-10-04T03:00,25.8,95,1011.9,0.6,0,0.0
Vijayawada,2026-10-04T04:00,25.6,96,1012.1,0.3,0,0.0
Vijayawada,2026-10-04T05:00,25.8,95,1012.5,0.6,0,0.0
Vijayawada,2026-10-04T06:00,26.5,91,1013.2,1.0,0,0.0
Vijayawada,2026-10-04T07:00,27.7,86,1014.0,1.6,0,0.0
Vijayawada,2026-10-04T08:00,28.8,81,1014.5,2.0,0,0.0
Vijayawada,2026-10-04T09:00,29.9,75,1014.4,1.7,0,0.0
Vijayawada,2026-10-04T10:00,31.1,69,1013.8,1.0,1,0.0
Vijayawada,2026-10-04T11:00,31.9,65,1013.1,0.7,1,0.0
Vijayawada,2026-10-04T12:00,32.3,63,1012.0,1.3,51,0.1
Vijayawada,2026-10-04T13:00,32.5,62,1010.7,1.9,51,0.1
Vijayawada,2026-10-04T14:00,32.2,63,1009.9,2.6,51,0.1
Vijayawada,2026-10-04T15:00,31.3,66,1009.9,4.0,1,0.0
Vijayawada,2026-10-04T16:00,30.0,72,1010.3,6.0,1,0.0
Vijayawada,2026-10-04T17:00,28.9,78,1010.9,7.2,1,0.0
Vijayawada,2026-10-04T18:00,28.3,82,1011.5,6.7,1,0.0
Vijayawada,2026-10-04T19:00,27.9,86,1012.2,5.2,0,0.0
Vijayawada,2026-10-04T20:00,27.6,89,1012.8,4.1,0,0.0
Vijayawada,2026-10-04T21:00,27.2,92,1013.1,3.6,0,0.0
Vijayawada,2026-10-04T22:00,26.8,95,1013.3,3.5,0,0.0
Vijayawada,2026-10-04T23:00,26.5,97,1013.2,3.1,0,0.0
Vijayawada,2026-10-05T00:00,26.3,97,1012.7,2.3,0,0.0
Vijayawada,2026-10-05T01:00,26.1,97,1011.9,1.4,0,0.0
Vijayawada,2026-10-05T02:00,26.0,97,1011.4,0.5,0,0.0
Vijayawada,2026-10-05T03:00,25.8,98,1011.4,0.0,0,0.0
Vijayawada,2026-10-05T04:00,25.7,98,1011.6,0.4,0,0.0
Vijayawada,2026-10-05T05:00,25.9,96,1012.0,0.3,0,0.0
Vijayawada,2026-10-05T06:00,26.7,92,1012.8,1.2,0,0.0
Vijayawada,2026-10-05T07:00,27.9,86,1013.8,2.7,0,0.0
Vijayawada,2026-10-05T08:00,29.1,80,1014.3,3.5,0,0.0
Vijayawada,2026-10-05T09:00,30.1,75,1014.0,3.4,51,0.1
Vijayawada,2026-10-05T10:00,31.0,70,1013.3,2.9,51,0.1
Vijayawada,2026-10-05T11:00,31.7,67,1012.7,2.5,51,0.1
Vijayawada,2026-10-05T12:00,31.7,66,1012.5,2.3,51,0.1
Vijayawada,2026-10-05T13:00,31.4,67,1012.0,3.9,51,0.1
Vijayawada,2026-10-05T14:00,30.8,70,1011.4,5.8,51,0.1
Vijayawada,2026-10-05T15:00,30.2,72,1010.8,7.6,51,0.1
Vijayawada,2026-10-05T16:00,29.5,75,1010.3,8.9,51,0.1
Vijayawada,2026-10-05T17:00,29.0,78,1010.2,9.5,51,0.1
Vijayawada,2026-10-05T18:00,28.5,80,1010.4,9.1,51,0.1
Vijayawada,2026-10-05T19:00,28.1,83,1010.9,8.2,51,0.1
Vijayawada,2026-10-05T20:00,27.7,86,1011.5,6.9,51,0.1
Vijayawada,2026-10-05T21:00,27.2,89,1012.2,5.5,51,0.1
Vijayawada,2026-10-05T22:00,26.8,92,1012.8,4.2,51,0.1
Vijayawada,2026-10-05T23:00,26.4,94,1013.2,3.2,51,0.1
Chennai,2026-09-29T00:00,25.9,92,1010.9,15.9,80,2.3
Chennai,2026-09-29T01:00,26.7,89,1010.6,8.6,51,0.3
Chennai,2026-09-29T02:00,26.7,88,1010.0,10.4,3,0.0
Chennai,2026-09-29T03:00,26.9,86,1009.8,8.8,3,0.0
Chennai,2026-09-29T04:00,26.8,83,1009.7,9.2,3,0.0
Chennai,2026-09-29T05:00,28.1,80,1009.9,6.0,2,0.0
Chennai,2026-09-29T06:00,27.9,82,1010.5,7.6,2,0.0
Chennai,2026-09-29T07:00,28.5,83,1011.3,5.8,1,0.0
Chennai,2026-09-29T08:00,30.8,71,1011.7,7.3,0,0.0
Chennai,2026-09-29T09:00,32.5,61,1011.8,9.4,0,0.0
Chennai,2026-09-29T10:00,33.7,53,1011.5,7.7,0,0.0
Chennai,2026-09-29T11:00,34.7,48,1010.8,3.3,0,0.0
Chennai,2026-09-29T12:00,34.7,48,1009.8,2.4,2,0.0
Chennai,2026-09-29T13:00,34.4,49,1009.1,6.4,51,0.1
Chennai,2026-09-29T14:00,33.3,55,1008.2,10.6,53,0.7
Chennai,2026-09-29T15:00,32.9,55,1008.1,10.3,51,0.1
Chennai,2026-09-29T16:00,32.3,57,1007.9,10.4,3,0.0
Chennai,2026-09-29T17:00,31.3,67,1008.6,8.9,2,0.0
Chennai,2026-09-29T18:00,30.2,73,1009.6,7.6,2,0.0
Chennai,2026-09-29T19:00,29.8,75,1010.7,7.0,2,0.0
Chennai,2026-09-29T20:00,29.5,81,1011.7,6.5,1,0.0
Chennai,2026-09-29T21:00,29.2,86,1012.3,5.9,2,0.0
Chennai,2026-09-29T22:00,28.8,89,1012.3,3.1,3,0.0
Chennai,2026-09-29T23:00,28.4,91,1012.3,4.8,3,0.0
Chennai,2026-09-30T00:00,28.0,89,1011.8,5.2,3,0.0
Chennai,2026-09-30T01:00,27.7,85,1011.3,7.0,3,0.0
Chennai,2026-09-30T02:00,27.2,84,1010.8,6.8,1,0.0
Chennai,2026-09-30T03:00,26.8,84,1010.4,7.7,1,0.0
Chennai,2026-09-30T04:00,26.5,85,1010.4,7.9,2,0.0
Chennai,2026-09-30T05:00,26.2,85,1010.8,9.9,2,0.0
Chennai,2026-09-30T06:00,26.3,85,1011.6,9.9,2,0.0
Chennai,2026-09-30T07:00,27.6,80,1012.0,8.4,2,0.0
Chennai,2026-09-30T08:00,29.5,71,1012.6,8.9,3,0.0
Chennai,2026-09-30T09:00,31.4,63,1012.7,9.8,3,0.0
Chennai,2026-09-30T10:00,33.2,55,1012.6,7.6,3,0.0
Chennai,2026-09-30T11:00,34.2,49,1011.9,5.1,3,0.0
Chennai,2026-09-30T12:00,34.8,46,1010.6,3.5,2,0.0
Chennai,2026-09-30T13:00,34.7,45,1009.4,6.1,2,0.0
Chennai,2026-09-30T14:00,33.5,54,1008.6,10.7,51,0.2
Chennai,2026-09-30T15:00,32.3,61,1008.1,11.8,51,0.1
Chennai,2026-09-30T16:00,31.7,62,1008.4,9.8,1,0.0
Chennai,2026-09-30T17:00,30.7,68,1009.4,7.5,0,0.0
Chennai,2026-09-30T18:00,30.1,71,1010.4,5.7,0,0.0
Chennai,2026-09-30T19:00,29.9,72,1011.5,5.1,0,0.0
Chennai,2026-09-30T20:00,29.7,74,1012.4,1.2,0,0.0
Chennai,2026-09-30T21:00,29.2,77,1012.9,2.4,0,0.0
Chennai,2026-09-30T22:00,29.0,79,1013.0,1.8,2,0.0
Chennai,2026-09-30T23:00,28.8,79,1012.9,2.8,3,0.0
Chennai,2026-10-01T00:00,28.5,81,1012.3,2.8,3,0.0
Chennai,2026-10-01T01:00,28.2,83,1012.1,5.4,3,0.0
Chennai,2026-10-01T02:00,27.6,86,1011.7,6.5,3,0.0
Chennai,2026-10-01T03:00,27.1,88,1011.2,5.8,0,0.0
Chennai,2026-10-01T04:00,26.4,92,1011.1,5.0,1,0.0
Chennai,2026-10-01T05:00,26.0,93,1011.6,7.2,2,0.0
Chennai,2026-10-01T06:00,26.0,90,1012.1,4.4,1,0.0
Chennai,2026-10-01T07:00,27.3,83,1012.9,4.3,2,0.0
Chennai,2026-10-01T08:00,29.5,70,1013.9,4.5,1,0.0
Chennai,2026-10-01T09:00,31.3,61,1014.0,2.2,2,0.0
Chennai,2026-10-01T10:00,32.9,52,1013.6,2.6,2,0.0
Chennai,2026-10-01T11:00,33.5,49,1012.7,6.8,2,0.0
Chennai,2026-10-01T12:00,33.6,49,1011.4,9.8,3,0.0
Chennai,2026-10-01T13:00,33.5,47,1010.5,11.2,2,0.0
Chennai,2026-10-01T14:00,33.2,48,1009.6,11.7,1,0.0
Chennai,2026-10-01T15:00,32.4,51,1009.2,10.9,0,0.0
Chennai,2026-10-01T16:00,31.5,56,1009.1,9.9,0,0.0
Chennai,2026-10-01T17:00,30.4,62,1009.7,8.3,0,0.0
Chennai,2026-10-01T18:00,29.7,67,1010.9,7.1,0,0.0
Chennai,2026-10-01T19:00,29.4,70,1012.4,7.5,0,0.0
Chennai,2026-10-01T20:00,29.2,73,1013.4,7.4,0,0.0
Chennai,2026-10-01T21:00,29.1,73,1014.2,6.4,3,0.0
Chennai,2026-10-01T22:00,28.9,75,1014.1,6.1,3,0.0
Chennai,2026-10-01T23:00,28.5,78,1013.8,5.7,3,0.0
Chennai,2026-10-02T00:00,28.2,81,1013.0,5.0,3,0.0
Chennai,2026-10-02T01:00,27.7,84,1012.4,3.9,3,0.0
Chennai,2026-10-02T02:00,27.1,88,1011.8,4.4,3,0.0
Chennai,2026-10-02T03:00,26.7,90,1011.9,5.6,2,0.0
Chennai,2026-10-02T04:00,26.2,92,1012.1,4.7,2,0.0
Chennai,2026-10-02T05:00,25.8,94,1012.6,2.7,2,0.0
Chennai,2026-10-02T06:00,26.0,93,1013.5,2.8,3,0.0
Chennai,2026-10-02T07:00,27.6,84,1014.6,2.3,3,0.0
Chennai,2026-10-02T08:00,29.4,74,1015.4,1.3,3,0.0
Chennai,2026-10-02T09:00,31.0,63,1015.5,3.0,3,0.0
Chennai,2026-10-02T10:00,32.1,56,1015.2,5.8,3,0.0
Chennai,2026-10-02T11:00,32.5,54,1014.3,8.8,3,0.0
Chennai,2026-10-02T12:00,32.5,54,1013.2,11.7,3,0.0
Chennai,2026-10-02T13:00,32.2,55,1012.3,12.8,3,0.0
Chennai,2026-10-02T14:00,31.9,56,1011.5,12.3,3,0.0
Chennai,2026-10-02T15:00,31.3,59,1011.2,11.9,3,0.0
Chennai,2026-10-02T16:00,30.6,61,1011.3,10.9,3,0.0
Chennai,2026-10-02T17:00,29.8,65,1011.7,9.6,3,0.0
Chennai,2026-10-02T18:00,29.3,68,1012.6,8.9,3,0.0
Chennai,2026-10-02T19:00,29.2,69,1013.8,8.1,3,0.0
Chennai,2026-10-02T20:00,29.1,69,1014.7,7.0,3,0.0
Chennai,2026-10-02T21:00,29.0,70,1014.9,6.4,3,0.0
Chennai,2026-10-02T22:00,28.8,72,1014.8,6.0,3,0.0
Chennai,2026-10-02T23:00,28.7,72,1014.4,5.8,0,0.0
Chennai,2026-10-03T00:00,28.4,74,1013.6,4.6,0,0.0
Chennai,2026-10-03T01:00,28.1,76,1012.9,3.0,0,0.0
Chennai,2026-10-03T02:00,27.7,79,1012.6,2.3,0,0.0
Chennai,2026-10-03T03:00,27.5,79,1012.5,2.6,0,0.0
Chennai,2026-10-03T04:00,27.1,82,1012.7,4.2,0,0.0
Chennai,2026-10-03T05:00,26.5,85,1013.3,2.9,2,0.0
Chennai,2026-10-03T06:00,27.1,81,1014.1,2.4,51,0.1
Chennai,2026-10-03T07:00,28.1,74,1015.2,1.9,51,0.1
Chennai,2026-10-03T08:00,29.2,68,1015.8,1.9,51,0.1
Chennai,2026-10-03T09:00,30.3,62,1015.7,3.1,51,0.1
Chennai,2026-10-03T10:00,31.4,57,1015.1,5.0,51,0.1
Chennai,2026-10-03T11:00,32.2,54,1014.4,6.8,51,0.1
Chennai,2026-10-03T12:00,32.5,53,1013.4,8.5,51,0.2
Chennai,2026-10-03T13:00,32.5,54,1012.2,10.1,51,0.2
Chennai,2026-10-03T14:00,32.2,55,1011.4,11.3,51,0.2
Chennai,2026-10-03T15:00,31.5,58,1011.1,11.6,0,0.0
Chennai,2026-10-03T16:00,30.5,62,1011.2,11.4,0,0.0
Chennai,2026-10-03T17:00,29.7,66,1011.5,11.0,0,0.0
Chennai,2026-10-03T18:00,29.3,68,1012.3,10.4,0,0.0
Chennai,2026-10-03T19:00,29.1,69,1013.4,9.5,0,0.0
Chennai,2026-10-03T20:00,28.8,70,1014.2,9.0,0,0.0
Chennai,2026-10-03T21:00,28.6,72,1014.3,9.0,0,0.0
Chennai,2026-10-03T22:00,28.3,75,1014.1,9.3,0,0.0
Chennai,2026-10-03T23:00,28.1,77,1013.7,9.1,0,0.0
Chennai,2026-10-04T00:00,27.8,79,1013.1,8.0,0,0.0
Chennai,2026-10-04T01:00,27.5,80,1012.4,6.7,0,0.0
Chennai,2026-10-04T02:00,27.2,81,1011.9,5.6,0,0.0
Chennai,2026-10-04T03:00,26.7,84,1011.8,5.3,0,0.0
Chennai,2026-10-04T04:00,26.1,88,1012.0,6.0,0,0.0
Chennai,2026-10-04T05:00,26.0,88,1012.3,6.7,0,0.0
Chennai,2026-10-04T06:00,26.8,84,1013.0,6.9,0,0.0
Chennai,2026-10-04T07:00,28.0,78,1014.0,6.8,0,0.0
Chennai,2026-10-04T08:00,29.3,71,1014.5,5.9,0,0.0
Chennai,2026-10-04T09:00,30.8,62,1014.3,4.1,0,0.0
Chennai,2026-10-04T10:00,32.3,53,1013.6,4.4,0,0.0
Chennai,2026-10-04T11:00,33.3,49,1012.8,7.1,1,0.0
Chennai,2026-10-04T12:00,33.2,51,1011.8,10.3,51,0.3
Chennai,2026-10-04T13:00,32.4,56,1010.6,13.3,51,0.3
Chennai,2026-10-04T14:00,31.6,61,1009.8,15.0,51,0.3
Chennai,2026-10-04T15:00,31.0,64,1009.6,14.9,0,0.0
Chennai,2026-10-04T16:00,30.2,66,1009.8,13.6,0,0.0
Chennai,2026-10-04T17:00,29.7,69,1010.3,12.5,0,0.0
Chennai,2026-10-04T18:00,29.3,71,1011.2,11.4,0,0.0
Chennai,2026-10-04T19:00,29.1,73,1012.4,10.2,0,0.0
Chennai,2026-10-04T20:00,28.9,76,1013.3,9.2,0,0.0
Chennai,2026-10-04T21:00,28.8,77,1013.5,8.7,0,0.0
Chennai,2026-10-04T22:00,28.6,79,1013.4,8.2,0,0.0
Chennai,2026-10-04T23:00,28.4,80,1013.1,7.7,0,0.0
Chennai,2026-10-05T00:00,28.1,82,1012.4,6.9,0,0.0
Chennai,2026-10-05T01:00,27.8,84,1011.6,6.0,0,0.0
Chennai,2026-10-05T02:00,27.5,85,1011.0,5.1,0,0.0
Chennai,2026-10-05T03:00,27.0,88,1011.0,4.6,0,0.0
Chennai,2026-10-05T04:00,26.6,89,1011.2,5.0,0,0.0
Chennai,2026-10-05T05:00,26.6,89,1011.7,5.8,1,0.0
Chennai,2026-10-05T06:00,27.2,85,1012.5,6.6,1,0.0
Chennai,2026-10-05T07:00,28.3,79,1013.5,7.4,1,0.0
Chennai,2026-10-05T08:00,29.4,72,1014.0,7.1,1,0.0
Chennai,2026-10-05T09:00,30.8,64,1013.7,5.2,1,0.0
Chennai,2026-10-05T10:00,32.4,57,1013.0,4.1,1,0.0
Chennai,2026-10-05T11:00,33.5,52,1012.5,5.6,1,0.0
Chennai,2026-10-05T12:00,32.6,56,1012.3,7.6,51,0.1
Chennai,2026-10-05T13:00,32.2,58,1011.8,8.9,51,0.1
Chennai,2026-10-05T14:00,31.5,61,1011.3,10.0,51,0.1
Chennai,2026-10-05T15:00,30.8,65,1010.7,10.7,51,0.1
Chennai,2026-10-05T16:00,30.0,69,1010.3,11.0,51,0.1
Chennai,2026-10-05T17:00,29.5,72,1010.2,10.7,51,0.1
Chennai,2026-10-05T18:00,29.1,74,1010.4,9.6,0,0.0
Chennai,2026-10-05T19:00,28.8,76,1010.9,7.6,0,0.0
Chennai,2026-10-05T20:00,28.6,78,1011.6,5.4,0,0.0
Chennai,2026-10-05T21:00,28.3,80,1012.3,3.2,0,0.0
Chennai,2026-10-05T22:00,28.1,81,1012.9,2.5,0,0.0
Chennai,2026-10-05T23:00,27.8,83,1013.3,3.2,0,0.0
Bengaluru,2026-09-29T00:00,21.7,94,1014.4,2.7,53,0.5
Bengaluru,2026-09-29T01:00,20.4,97,1014.7,9.1,80,1.5
Bengaluru,2026-09-29T02:00,20.0,97,1014.1,6.8,95,3.5
Bengaluru,2026-09-29T03:00,19.8,99,1013.5,8.7,53,0.8
Bengaluru,2026-09-29T04:00,20.1,97,1013.3,3.1,53,0.6
Bengaluru,2026-09-29T05:00,20.8,99,1014.5,3.5,55,1.1
Bengaluru,2026-09-29T06:00,20.8,94,1015.1,0.9,80,2.0
Bengaluru,2026-09-29T07:00,20.9,95,1015.5,3.7,53,0.9
Bengaluru,2026-09-29T08:00,21.9,90,1016.0,2.5,51,0.3
Bengaluru,2026-09-29T09:00,23.3,81,1016.2,1.6,51,0.1
Bengaluru,2026-09-29T10:00,24.2,79,1015.7,3.3,51,0.1
Bengaluru,2026-09-29T11:00,26.3,72,1014.9,4.3,2,0.0
Bengaluru,2026-09-29T12:00,27.3,69,1013.6,3.3,51,0.1
Bengaluru,2026-09-29T13:00,27.9,65,1012.6,2.3,3,0.0
Bengaluru,2026-09-29T14:00,28.1,64,1011.3,1.3,3,0.0
Bengaluru,2026-09-29T15:00,27.8,63,1010.8,2.2,3,0.0
Bengaluru,2026-09-29T16:00,27.5,64,1010.5,1.2,51,0.1
Bengaluru,2026-09-29T17:00,25.6,72,1011.3,4.1,51,0.2
Bengaluru,2026-09-29T18:00,22.6,90,1013.1,6.8,55,1.0
Bengaluru,2026-09-29T19:00,22.6,91,1013.8,7.8,53,0.6
Bengaluru,2026-09-29T20:00,22.1,92,1015.3,7.8,51,0.4
Bengaluru,2026-09-29T21:00,22.2,93,1016.3,4.6,51,0.2
Bengaluru,2026-09-29T22:00,21.4,96,1016.6,6.0,51,0.2
Bengaluru,2026-09-29T23:00,21.5,93,1016.6,0.4,51,0.1
Bengaluru,2026-09-30T00:00,20.9,96,1015.8,1.6,51,0.1
Bengaluru,2026-09-30T01:00,20.3,98,1015.5,0.6,51,0.4
Bengaluru,2026-09-30T02:00,20.0,99,1015.2,4.5,80,2.3
Bengaluru,2026-09-30T03:00,19.8,99,1014.9,3.1,55,1.2
Bengaluru,2026-09-30T04:00,19.5,99,1014.9,7.0,53,0.5
Bengaluru,2026-09-30T05:00,19.4,98,1015.3,1.8,51,0.3
Bengaluru,2026-09-30T06:00,19.5,98,1015.8,2.4,51,0.3
Bengaluru,2026-09-30T07:00,20.4,96,1016.0,3.7,51,0.1
Bengaluru,2026-09-30T08:00,21.8,88,1016.7,3.8,1,0.0
Bengaluru,2026-09-30T09:00,23.9,79,1016.6,4.5,2,0.0
Bengaluru,2026-09-30T10:00,25.7,71,1016.2,4.0,1,0.0
Bengaluru,2026-09-30T11:00,26.5,68,1015.2,4.0,51,0.1
Bengaluru,2026-09-30T12:00,27.3,67,1013.8,2.0,51,0.1
Bengaluru,2026-09-30T13:00,27.8,66,1012.7,2.0,51,0.1
Bengaluru,2026-09-30T14:00,27.2,66,1011.6,3.2,51,0.1
Bengaluru,2026-09-30T15:00,27.5,64,1010.4,3.1,51,0.1
Bengaluru,2026-09-30T16:00,24.1,81,1011.8,3.1,95,2.3
Bengaluru,2026-09-30T17:00,22.5,89,1013.9,4.6,95,4.8
Bengaluru,2026-09-30T18:00,21.5,96,1015.3,9.2,81,2.8
Bengaluru,2026-09-30T19:00,21.4,96,1015.6,8.7,53,0.7
Bengaluru,2026-09-30T20:00,21.4,97,1016.6,5.2,51,0.3
Bengaluru,2026-09-30T21:00,21.2,97,1016.9,4.0,51,0.1
Bengaluru,2026-09-30T22:00,21.0,98,1016.8,3.1,3,0.0
Bengaluru,2026-09-30T23:00,21.1,97,1016.5,0.9,3,0.0
Bengaluru,2026-10-01T00:00,20.5,97,1016.4,2.9,80,1.5
Bengaluru,2026-10-01T01:00,20.1,99,1015.7,4.6,80,1.6
Bengaluru,2026-10-01T02:00,20.2,98,1014.8,2.7,51,0.2
Bengaluru,2026-10-01T03:00,20.0,98,1014.8,4.3,3,0.0
Bengaluru,2026-10-01T04:00,20.0,98,1014.8,4.1,3,0.0
Bengaluru,2026-10-01T05:00,19.8,99,1015.3,4.0,3,0.0
Bengaluru,2026-10-01T06:00,20.0,100,1015.8,4.4,3,0.0
Bengaluru,2026-10-01T07:00,21.1,93,1016.5,5.5,2,0.0
Bengaluru,2026-10-01T08:00,22.8,88,1016.9,5.2,3,0.0
Bengaluru,2026-10-01T09:00,24.7,78,1016.8,4.7,3,0.0
Bengaluru,2026-10-01T10:00,26.5,66,1016.2,5.7,3,0.0
Bengaluru,2026-10-01T11:00,27.5,61,1015.2,6.9,51,0.1
Bengaluru,2026-10-01T12:00,28.3,59,1013.8,6.9,51,0.1
Bengaluru,2026-10-01T13:00,28.5,60,1012.6,6.6,2,0.0
Bengaluru,2026-10-01T14:00,28.7,58,1011.4,6.1,3,0.0
Bengaluru,2026-10-01T15:00,23.7,81,1011.7,14.9,95,2.5
Bengaluru,2026-10-01T16:00,23.2,84,1011.9,3.1,81,2.5
Bengaluru,2026-10-01T17:00,22.7,83,1013.4,3.6,51,0.1
Bengaluru,2026-10-01T18:00,21.7,90,1014.6,8.2,53,0.5
Bengaluru,2026-10-01T19:00,19.9,98,1017.4,7.9,95,3.8
Bengaluru,2026-10-01T20:00,20.2,95,1017.4,5.5,53,0.5
Bengaluru,2026-10-01T21:00,20.3,98,1017.8,4.2,2,0.0
Bengaluru,2026-10-01T22:00,20.1,97,1017.9,3.6,1,0.0
Bengaluru,2026-10-01T23:00,19.9,98,1016.6,3.2,1,0.0
Bengaluru,2026-10-02T00:00,19.7,98,1016.0,3.1,0,0.0
Bengaluru,2026-10-02T01:00,19.7,96,1015.3,3.4,1,0.0
Bengaluru,2026-10-02T02:00,19.8,94,1014.4,3.9,1,0.0
Bengaluru,2026-10-02T03:00,19.6,94,1014.4,3.1,2,0.0
Bengaluru,2026-10-02T04:00,19.5,94,1014.8,1.6,1,0.0
Bengaluru,2026-10-02T05:00,19.5,94,1015.4,0.8,2,0.0
Bengaluru,2026-10-02T06:00,19.4,95,1016.2,1.5,2,0.0
Bengaluru,2026-10-02T07:00,21.0,93,1017.4,2.8,2,0.0
Bengaluru,2026-10-02T08:00,23.5,81,1018.3,2.1,2,0.0
Bengaluru,2026-10-02T09:00,25.3,71,1018.2,4.7,2,0.0
Bengaluru,2026-10-02T10:00,26.4,64,1017.7,8.5,51,0.1
Bengaluru,2026-10-02T11:00,26.9,61,1016.6,9.5,51,0.1
Bengaluru,2026-10-02T12:00,27.7,57,1015.2,10.0,51,0.2
Bengaluru,2026-10-02T13:00,27.9,56,1014.0,10.6,51,0.2
Bengaluru,2026-10-02T14:00,28.1,54,1013.0,11.0,51,0.2
Bengaluru,2026-10-02T15:00,27.7,55,1012.5,11.0,51,0.3
Bengaluru,2026-10-02T16:00,27.3,56,1012.6,10.2,51,0.2
Bengaluru,2026-10-02T17:00,26.5,64,1013.4,5.2,0,0.0
Bengaluru,2026-10-02T18:00,24.9,73,1014.3,3.7,1,0.0
Bengaluru,2026-10-02T19:00,24.2,76,1015.6,4.9,1,0.0
Bengaluru,2026-10-02T20:00,23.5,76,1016.8,5.6,1,0.0
Bengaluru,2026-10-02T21:00,22.5,79,1017.5,8.4,0,0.0
Bengaluru,2026-10-02T22:00,21.8,81,1017.3,9.4,0,0.0
Bengaluru,2026-10-02T23:00,21.2,82,1017.0,9.5,0,0.0
Bengaluru,2026-10-03T00:00,20.8,85,1016.2,9.0,0,0.0
Bengaluru,2026-10-03T01:00,20.4,88,1015.4,7.3,0,0.0
Bengaluru,2026-10-03T02:00,19.9,92,1015.1,7.2,0,0.0
Bengaluru,2026-10-03T03:00,19.6,95,1015.0,7.7,0,0.0
Bengaluru,2026-10-03T04:00,19.4,99,1015.6,6.4,3,0.0
Bengaluru,2026-10-03T05:00,19.5,100,1016.6,6.2,3,0.0
Bengaluru,2026-10-03T06:00,20.0,97,1017.4,5.7,3,0.0
Bengaluru,2026-10-03T07:00,20.8,92,1018.3,5.0,2,0.0
Bengaluru,2026-10-03T08:00,21.9,84,1018.7,4.3,1,0.0
Bengaluru,2026-10-03T09:00,23.5,75,1018.4,4.2,1,0.0
Bengaluru,2026-10-03T10:00,25.3,65,1017.7,4.5,0,0.0
Bengaluru,2026-10-03T11:00,26.7,58,1016.8,5.1,0,0.0
Bengaluru,2026-10-03T12:00,27.6,54,1015.6,5.6,0,0.0
Bengaluru,2026-10-03T13:00,28.1,52,1014.2,6.1,0,0.0
Bengaluru,2026-10-03T14:00,28.2,51,1013.2,6.3,0,0.0
Bengaluru,2026-10-03T15:00,28.0,53,1012.8,5.6,0,0.0
Bengaluru,2026-10-03T16:00,27.5,57,1012.9,4.5,0,0.0
Bengaluru,2026-10-03T17:00,26.8,61,1013.2,4.0,0,0.0
Bengaluru,2026-10-03T18:00,25.7,66,1014.1,4.6,0,0.0
Bengaluru,2026-10-03T19:00,24.4,73,1015.2,6.2,0,0.0
Bengaluru,2026-10-03T20:00,23.4,78,1016.1,7.7,0,0.0
Bengaluru,2026-10-03T21:00,22.7,80,1016.4,8.3,0,0.0
Bengaluru,2026-10-03T22:00,22.2,80,1016.3,8.4,0,0.0
Bengaluru,2026-10-03T23:00,21.8,81,1016.0,8.4,0,0.0
Bengaluru,2026-10-04T00:00,21.4,84,1015.4,8.2,0,0.0
Bengaluru,2026-10-04T01:00,21.0,87,1014.7,7.8,0,0.0
Bengaluru,2026-10-04T02:00,20.7,90,1014.2,7.3,0,0.0
Bengaluru,2026-10-04T03:00,20.3,92,1014.3,6.8,0,0.0
Bengaluru,2026-10-04T04:00,20.0,93,1014.7,6.3,0,0.0
Bengaluru,2026-10-04T05:00,20.0,92,1015.2,6.0,0,0.0
Bengaluru,2026-10-04T06:00,20.7,90,1015.9,5.8,0,0.0
Bengaluru,2026-10-04T07:00,21.8,87,1016.8,5.4,0,0.0
Bengaluru,2026-10-04T08:00,23.0,82,1017.2,4.7,0,0.0
Bengaluru,2026-10-04T09:00,24.2,76,1017.0,2.8,51,0.1
Bengaluru,2026-10-04T10:00,25.6,68,1016.3,0.4,51,0.1
Bengaluru,2026-10-04T11:00,26.7,62,1015.4,1.5,51,0.1
Bengaluru,2026-10-04T12:00,27.5,58,1014.1,2.5,51,0.1
Bengaluru,2026-10-04T13:00,28.1,55,1012.6,3.5,51,0.1
Bengaluru,2026-10-04T14:00,28.4,53,1011.6,4.2,51,0.1
Bengaluru,2026-10-04T15:00,28.3,54,1011.3,4.1,51,0.1
Bengaluru,2026-10-04T16:00,28.0,55,1011.5,3.7,51,0.1
Bengaluru,2026-10-04T17:00,27.4,58,1012.1,3.6,51,0.1
Bengaluru,2026-10-04T18:00,26.3,63,1013.2,4.3,1,0.0
Bengaluru,2026-10-04T19:00,24.8,70,1014.7,5.7,1,0.0
Bengaluru,2026-10-04T20:00,23.6,77,1015.8,6.3,2,0.0
Bengaluru,2026-10-04T21:00,22.6,83,1016.3,4.9,51,0.2
Bengaluru,2026-10-04T22:00,21.9,88,1016.4,2.3,51,0.2
Bengaluru,2026-10-04T23:00,21.3,93,1016.2,0.6,51,0.2
Bengaluru,2026-10-05T00:00,20.9,95,1015.5,0.3,0,0.0
Bengaluru,2026-10-05T01:00,20.7,95,1014.4,0.0,0,0.0
Bengaluru,2026-10-05T02:00,20.5,96,1013.7,0.4,0,0.0
Bengaluru,2026-10-05T03:00,20.1,98,1013.7,0.8,0,0.0
Bengaluru,2026-10-05T04:00,19.8,99,1014.0,1.5,0,0.0
Bengaluru,2026-10-05T05:00,19.9,98,1014.5,1.5,0,0.0
Bengaluru,2026-10-05T06:00,20.8,93,1015.2,0.6,0,0.0
Bengaluru,2026-10-05T07:00,22.1,86,1016.1,0.8,0,0.0
Bengaluru,2026-10-05T08:00,23.4,80,1016.6,1.5,0,0.0
Bengaluru,2026-10-05T09:00,24.8,74,1016.3,1.2,51,0.2
Bengaluru,2026-10-05T10:00,26.3,68,1015.6,0.9,51,0.2
Bengaluru,2026-10-05T11:00,27.3,64,1015.0,1.4,51,0.2
Bengaluru,2026-10-05T12:00,27.4,62,1014.5,2.5,51,0.1
Bengaluru,2026-10-05T13:00,27.3,63,1014.0,3.8,51,0.1
Bengaluru,2026-10-05T14:00,26.9,65,1013.4,5.1,51,0.1
Bengaluru,2026-10-05T15:00,26.3,67,1012.8,6.2,51,0.1
Bengaluru,2026-10-05T16:00,25.7,70,1012.5,6.9,51,0.1
Bengaluru,2026-10-05T17:00,25.1,73,1012.4,7.1,51,0.1
Bengaluru,2026-10-05T18:00,24.4,76,1012.7,6.4,55,1.1
Bengaluru,2026-10-05T19:00,23.6,81,1013.4,4.8,55,1.1
Bengaluru,2026-10-05T20:00,22.6,85,1014.2,3.0,55,1.1
Bengaluru,2026-10-05T21:00,21.7,90,1015.0,1.0,55,1.1
Bengaluru,2026-10-05T22:00,20.9,94,1015.8,0.9,55,1.1
Bengaluru,2026-10-05T23:00,20.3,98,1016.2,1.7,55,1.1
Mumbai,2026-09-29T00:00,27.1,83,1012.0,5.8,0,0.0
Mumbai,2026-09-29T01:00,26.7,85,1011.5,6.3,0,0.0
Mumbai,2026-09-29T02:00,26.5,82,1011.3,5.9,2,0.0
Mumbai,2026-09-29T03:00,26.3,81,1011.1,5.9,2,0.0
Mumbai,2026-09-29T04:00,26.1,81,1011.3,5.6,2,0.0
Mumbai,2026-09-29T05:00,26.2,82,1011.3,5.4,0,0.0
Mumbai,2026-09-29T06:00,25.9,84,1012.0,5.7,0,0.0
Mumbai,2026-09-29T07:00,26.8,79,1012.8,5.9,0,0.0
Mumbai,2026-09-29T08:00,28.5,70,1013.5,5.7,0,0.0
Mumbai,2026-09-29T09:00,30.1,63,1013.8,6.3,0,0.0
Mumbai,2026-09-29T10:00,31.5,59,1013.7,6.5,0,0.0
Mumbai,2026-09-29T11:00,32.8,55,1013.4,3.9,0,0.0
Mumbai,2026-09-29T12:00,32.0,58,1012.5,9.1,51,0.1
Mumbai,2026-09-29T13:00,31.5,61,1011.8,9.6,80,1.8
Mumbai,2026-09-29T14:00,31.7,64,1010.9,9.3,51,0.2
Mumbai,2026-09-29T15:00,31.1,67,1010.5,8.0,51,0.1
Mumbai,2026-09-29T16:00,29.3,72,1010.6,8.2,53,0.9
Mumbai,2026-09-29T17:00,29.2,74,1010.5,7.7,51,0.2
Mumbai,2026-09-29T18:00,28.5,79,1011.0,7.5,1,0.0
Mumbai,2026-09-29T19:00,28.0,81,1011.9,6.0,0,0.0
Mumbai,2026-09-29T20:00,27.7,82,1012.6,5.2,0,0.0
Mumbai,2026-09-29T21:00,27.5,83,1013.4,5.4,0,0.0
Mumbai,2026-09-29T22:00,27.2,85,1013.6,6.2,2,0.0
Mumbai,2026-09-29T23:00,26.9,86,1013.5,7.2,1,0.0
Mumbai,2026-09-30T00:00,26.6,86,1013.0,6.7,1,0.0
Mumbai,2026-09-30T01:00,26.4,86,1012.5,6.5,1,0.0
Mumbai,2026-09-30T02:00,26.0,86,1012.2,5.8,2,0.0
Mumbai,2026-09-30T03:00,25.9,85,1011.7,6.7,51,0.1
Mumbai,2026-09-30T04:00,25.7,85,1011.5,5.9,0,0.0
Mumbai,2026-09-30T05:00,25.5,87,1011.9,4.5,1,0.0
Mumbai,2026-09-30T06:00,25.5,88,1012.8,4.8,1,0.0
Mumbai,2026-09-30T07:00,26.2,85,1013.6,4.1,1,0.0
Mumbai,2026-09-30T08:00,27.4,81,1014.2,3.1,0,0.0
Mumbai,2026-09-30T09:00,28.8,75,1014.6,4.4,1,0.0
Mumbai,2026-09-30T10:00,30.6,66,1014.3,3.6,2,0.0
Mumbai,2026-09-30T11:00,31.7,62,1013.7,0.7,3,0.0
Mumbai,2026-09-30T12:00,32.3,60,1012.8,3.4,1,0.0
Mumbai,2026-09-30T13:00,32.0,63,1011.8,8.0,2,0.0
Mumbai,2026-09-30T14:00,29.9,72,1011.4,8.9,51,0.1
Mumbai,2026-09-30T15:00,31.0,66,1010.9,5.4,2,0.0
Mumbai,2026-09-30T16:00,30.2,69,1011.0,3.6,2,0.0
Mumbai,2026-09-30T17:00,29.8,71,1011.3,4.4,1,0.0
Mumbai,2026-09-30T18:00,29.3,73,1011.7,3.5,2,0.0
Mumbai,2026-09-30T19:00,28.8,76,1012.4,4.3,1,0.0
Mumbai,2026-09-30T20:00,28.3,79,1013.4,4.6,1,0.0
Mumbai,2026-09-30T21:00,28.0,82,1014.0,4.8,1,0.0
Mumbai,2026-09-30T22:00,27.6,84,1014.1,4.9,0,0.0
Mumbai,2026-09-30T23:00,27.2,86,1013.9,3.5,0,0.0
Mumbai,2026-10-01T00:00,27.1,86,1013.5,3.2,0,0.0
Mumbai,2026-10-01T01:00,26.9,87,1013.0,2.8,0,0.0
Mumbai,2026-10-01T02:00,26.6,88,1012.7,2.7,1,0.0
Mumbai,2026-10-01T03:00,26.4,89,1012.5,3.4,1,0.0
Mumbai,2026-10-01T04:00,26.2,90,1012.4,2.3,1,0.0
Mumbai,2026-10-01T05:00,26.0,91,1012.6,2.9,1,0.0
Mumbai,2026-10-01T06:00,25.9,91,1013.3,3.6,1,0.0
Mumbai,2026-10-01T07:00,26.3,89,1014.2,4.7,1,0.0
Mumbai,2026-10-01T08:00,27.8,81,1015.1,4.0,1,0.0
Mumbai,2026-10-01T09:00,29.5,72,1015.7,2.2,1,0.0
Mumbai,2026-10-01T10:00,31.1,64,1015.4,4.2,1,0.0
Mumbai,2026-10-01T11:00,31.9,62,1014.5,6.4,0,0.0
Mumbai,2026-10-01T12:00,32.4,61,1013.4,8.4,0,0.0
Mumbai,2026-10-01T13:00,32.4,61,1012.3,10.6,51,0.1
Mumbai,2026-10-01T14:00,31.5,66,1011.5,12.2,51,0.1
Mumbai,2026-10-01T15:00,31.1,70,1011.0,11.2,51,0.3
Mumbai,2026-10-01T16:00,30.7,73,1010.8,12.1,51,0.1
Mumbai,2026-10-01T17:00,30.2,75,1011.2,10.6,0,0.0
Mumbai,2026-10-01T18:00,29.5,78,1011.7,8.8,0,0.0
Mumbai,2026-10-01T19:00,29.2,81,1012.5,8.0,0,0.0
Mumbai,2026-10-01T20:00,28.9,83,1013.5,7.4,0,0.0
Mumbai,2026-10-01T21:00,28.6,85,1014.1,6.5,0,0.0
Mumbai,2026-10-01T22:00,28.3,86,1014.2,5.2,1,0.0
Mumbai,2026-10-01T23:00,28.1,87,1014.0,5.0,1,0.0
Mumbai,2026-10-02T00:00,27.8,89,1013.6,5.8,0,0.0
Mumbai,2026-10-02T01:00,27.5,90,1013.1,6.9,1,0.0
Mumbai,2026-10-02T02:00,27.3,89,1012.6,7.6,1,0.0
Mumbai,2026-10-02T03:00,27.2,89,1012.5,7.0,0,0.0
Mumbai,2026-10-02T04:00,27.1,88,1012.8,6.6,0,0.0
Mumbai,2026-10-02T05:00,26.9,89,1013.2,4.9,0,0.0
Mumbai,2026-10-02T06:00,26.7,90,1014.1,4.5,0,0.0
Mumbai,2026-10-02T07:00,27.4,86,1015.1,4.9,0,0.0
Mumbai,2026-10-02T08:00,28.8,80,1015.8,4.3,0,0.0
Mumbai,2026-10-02T09:00,30.9,65,1016.1,5.0,0,0.0
Mumbai,2026-10-02T10:00,32.9,54,1016.0,4.3,0,0.0
Mumbai,2026-10-02T11:00,34.5,46,1015.4,2.1,0,0.0
Mumbai,2026-10-02T12:00,35.5,41,1014.1,1.7,1,0.0
Mumbai,2026-10-02T13:00,36.0,39,1013.0,2.8,51,0.1
Mumbai,2026-10-02T14:00,36.0,38,1012.1,5.2,51,0.2
Mumbai,2026-10-02T15:00,34.7,49,1011.6,8.4,51,0.4
Mumbai,2026-10-02T16:00,34.1,56,1011.5,9.6,51,0.1
Mumbai,2026-10-02T17:00,32.9,63,1012.0,9.4,1,0.0
Mumbai,2026-10-02T18:00,31.8,73,1012.5,8.9,0,0.0
Mumbai,2026-10-02T19:00,31.0,77,1013.1,8.9,0,0.0
Mumbai,2026-10-02T20:00,30.3,79,1013.8,8.8,0,0.0
Mumbai,2026-10-02T21:00,29.7,81,1014.3,9.1,0,0.0
Mumbai,2026-10-02T22:00,29.4,80,1014.2,8.5,0,0.0
Mumbai,2026-10-02T23:00,29.2,79,1013.8,8.1,0,0.0
Mumbai,2026-10-03T00:00,28.9,76,1013.4,8.0,0,0.0
Mumbai,2026-10-03T01:00,28.5,77,1012.8,8.3,0,0.0
Mumbai,2026-10-03T02:00,28.2,77,1012.3,8.5,0,0.0
Mumbai,2026-10-03T03:00,28.0,76,1012.2,8.2,0,0.0
Mumbai,2026-10-03T04:00,27.9,74,1012.4,7.3,0,0.0
Mumbai,2026-10-03T05:00,27.7,72,1013.0,7.1,0,0.0
Mumbai,2026-10-03T06:00,28.0,68,1013.7,7.0,0,0.0
Mumbai,2026-10-03T07:00,28.7,64,1014.5,7.0,0,0.0
Mumbai,2026-10-03T08:00,29.7,59,1015.1,6.1,0,0.0
Mumbai,2026-10-03T09:00,31.5,51,1015.3,4.1,0,0.0
Mumbai,2026-10-03T10:00,33.8,43,1015.3,1.5,0,0.0
Mumbai,2026-10-03T11:00,35.3,39,1014.9,1.5,0,0.0
Mumbai,2026-10-03T12:00,35.8,40,1014.0,5.1,0,0.0
Mumbai,2026-10-03T13:00,35.5,43,1012.8,9.5,0,0.0
Mumbai,2026-10-03T14:00,35.0,47,1011.9,12.7,0,0.0
Mumbai,2026-10-03T15:00,34.3,52,1011.6,13.5,0,0.0
Mumbai,2026-10-03T16:00,33.3,57,1011.5,13.4,1,0.0
Mumbai,2026-10-03T17:00,32.3,62,1011.7,12.9,1,0.0
Mumbai,2026-10-03T18:00,31.4,67,1012.2,12.2,1,0.0
Mumbai,2026-10-03T19:00,30.6,70,1012.9,10.9,1,0.0
Mumbai,2026-10-03T20:00,29.8,73,1013.4,9.7,0,0.0
Mumbai,2026-10-03T21:00,29.3,75,1013.5,8.5,0,0.0
Mumbai,2026-10-03T22:00,28.8,75,1013.4,7.3,0,0.0
Mumbai,2026-10-03T23:00,28.4,75,1013.2,6.7,0,0.0
Mumbai,2026-10-04T00:00,28.0,75,1012.7,6.8,0,0.0
Mumbai,2026-10-04T01:00,27.6,74,1012.0,7.4,0,0.0
Mumbai,2026-10-04T02:00,27.2,75,1011.6,7.6,0,0.0
Mumbai,2026-10-04T03:00,26.7,76,1011.5,6.8,0,0.0
Mumbai,2026-10-04T04:00,26.2,79,1011.6,5.7,0,0.0
Mumbai,2026-10-04T05:00,26.1,79,1011.9,4.9,0,0.0
Mumbai,2026-10-04T06:00,26.5,77,1012.6,4.4,0,0.0
Mumbai,2026-10-04T07:00,27.4,72,1013.6,4.0,0,0.0
Mumbai,2026-10-04T08:00,28.6,66,1014.2,4.1,0,0.0
Mumbai,2026-10-04T09:00,30.5,55,1014.2,5.2,0,0.0
Mumbai,2026-10-04T10:00,32.7,44,1013.9,7.1,0,0.0
Mumbai,2026-10-04T11:00,34.3,39,1013.4,9.0,0,0.0
Mumbai,2026-10-04T12:00,34.8,40,1012.4,10.9,0,0.0
Mumbai,2026-10-04T13:00,34.5,46,1011.2,13.2,0,0.0
Mumbai,2026-10-04T14:00,34.0,52,1010.4,14.8,0,0.0
Mumbai,2026-10-04T15:00,33.4,56,1010.2,14.8,0,0.0
Mumbai,2026-10-04T16:00,32.5,60,1010.3,14.0,0,0.0
Mumbai,2026-10-04T17:00,31.6,63,1010.6,13.0,0,0.0
Mumbai,2026-10-04T18:00,30.7,66,1011.2,11.7,0,0.0
Mumbai,2026-10-04T19:00,29.8,69,1012.0,10.1,0,0.0
Mumbai,2026-10-04T20:00,29.0,72,1012.6,8.7,0,0.0
Mumbai,2026-10-04T21:00,28.4,74,1012.9,8.3,0,0.0
Mumbai,2026-10-04T22:00,27.8,76,1012.9,8.0,0,0.0
Mumbai,2026-10-04T23:00,27.3,77,1012.8,7.6,0,0.0
Mumbai,2026-10-05T00:00,26.9,76,1012.4,6.5,0,0.0
Mumbai,2026-10-05T01:00,26.6,74,1011.7,5.1,0,0.0
Mumbai,2026-10-05T02:00,26.3,73,1011.3,4.3,0,0.0
Mumbai,2026-10-05T03:00,25.7,75,1011.3,4.3,0,0.0
Mumbai,2026-10-05T04:00,25.0,79,1011.4,4.5,0,0.0
Mumbai,2026-10-05T05:00,24.8,81,1011.8,4.6,0,0.0
Mumbai,2026-10-05T06:00,25.3,80,1012.5,4.6,0,0.0
Mumbai,2026-10-05T07:00,26.2,78,1013.5,4.2,0,0.0
Mumbai,2026-10-05T08:00,27.5,74,1014.1,3.6,0,0.0
Mumbai,2026-10-05T09:00,29.2,67,1014.1,3.6,0,0.0
Mumbai,2026-10-05T10:00,31.1,59,1013.8,5.7,0,0.0
Mumbai,2026-10-05T11:00,32.5,54,1013.6,7.8,0,0.0
Mumbai,2026-10-05T12:00,32.7,56,1013.2,8.3,1,0.0
Mumbai,2026-10-05T13:00,32.5,57,1012.6,9.8,1,0.0
Mumbai,2026-10-05T14:00,32.0,60,1011.8,11.4,0,0.0
Mumbai,2026-10-05T15:00,31.4,64,1011.1,12.7,0,0.0
Mumbai,2026-10-05T16:00,30.7,68,1010.5,13.7,0,0.0
Mumbai,2026-10-05T17:00,30.2,71,1010.3,13.9,0,0.0
Mumbai,2026-10-05T18:00,29.8,73,1010.4,13.2,0,0.0
Mumbai,2026-10-05T19:00,29.4,76,1010.9,11.9,0,0.0
Mumbai,2026-10-05T20:00,28.9,78,1011.5,9.9,0,0.0
Mumbai,2026-10-05T21:00,28.5,80,1012.1,8.2,0,0.0
Mumbai,2026-10-05T22:00,28.1,82,1012.7,6.6,0,0.0
Mumbai,2026-10-05T23:00,27.8,83,1013.0,5.8,0,0.0
Delhi,2026-09-29T00:00,22.5,93,1011.3,7.1,0,0.0
Delhi,2026-09-29T01:00,22.3,93,1011.1,6.1,0,0.0
Delhi,2026-09-29T02:00,22.1,94,1010.9,5.4,0,0.0
Delhi,2026-09-29T03:00,22.0,94,1010.9,5.9,0,0.0
Delhi,2026-09-29T04:00,22.0,93,1010.9,5.9,0,0.0
Delhi,2026-09-29T05:00,22.3,94,1011.1,5.4,0,0.0
Delhi,2026-09-29T06:00,22.0,95,1011.9,5.4,0,0.0
Delhi,2026-09-29T07:00,22.9,92,1012.5,5.4,0,0.0
Delhi,2026-09-29T08:00,24.2,86,1013.0,5.9,0,0.0
Delhi,2026-09-29T09:00,25.7,77,1013.2,6.7,0,0.0
Delhi,2026-09-29T10:00,27.0,71,1012.9,8.0,0,0.0
Delhi,2026-09-29T11:00,29.0,62,1012.9,8.8,0,0.0
Delhi,2026-09-29T12:00,29.8,58,1012.1,10.1,0,0.0
Delhi,2026-09-29T13:00,30.4,55,1010.9,11.1,0,0.0
Delhi,2026-09-29T14:00,30.8,53,1009.9,11.6,0,0.0
Delhi,2026-09-29T15:00,30.7,54,1009.4,11.6,0,0.0
Delhi,2026-09-29T16:00,30.2,57,1009.2,10.4,0,0.0
Delhi,2026-09-29T17:00,28.9,64,1009.4,8.0,0,0.0
Delhi,2026-09-29T18:00,27.5,71,1009.5,7.3,0,0.0
Delhi,2026-09-29T19:00,27.0,73,1010.2,8.2,0,0.0
Delhi,2026-09-29T20:00,26.4,76,1010.9,8.2,0,0.0
Delhi,2026-09-29T21:00,25.8,79,1011.1,7.9,0,0.0
Delhi,2026-09-29T22:00,25.4,80,1011.2,7.7,0,0.0
Delhi,2026-09-29T23:00,25.1,81,1011.1,7.8,0,0.0
Delhi,2026-09-30T00:00,24.8,82,1010.9,8.0,0,0.0
Delhi,2026-09-30T01:00,24.4,83,1010.5,7.6,0,0.0
Delhi,2026-09-30T02:00,24.1,84,1010.1,7.6,0,0.0
Delhi,2026-09-30T03:00,23.8,85,1009.9,6.9,0,0.0
Delhi,2026-09-30T04:00,23.4,87,1009.9,6.6,0,0.0
Delhi,2026-09-30T05:00,23.0,88,1010.4,6.2,0,0.0
Delhi,2026-09-30T06:00,22.7,89,1011.1,6.5,0,0.0
Delhi,2026-09-30T07:00,23.7,86,1011.9,7.2,0,0.0
Delhi,2026-09-30T08:00,25.3,81,1012.5,6.3,0,0.0
Delhi,2026-09-30T09:00,27.1,73,1012.8,6.8,0,0.0
Delhi,2026-09-30T10:00,28.7,65,1012.8,8.3,0,0.0
Delhi,2026-09-30T11:00,30.0,57,1012.5,10.0,0,0.0
Delhi,2026-09-30T12:00,30.9,53,1011.7,11.3,0,0.0
Delhi,2026-09-30T13:00,31.5,51,1010.6,11.8,0,0.0
Delhi,2026-09-30T14:00,31.6,49,1009.9,12.3,0,0.0
Delhi,2026-09-30T15:00,31.4,50,1009.3,12.1,0,0.0
Delhi,2026-09-30T16:00,30.8,54,1009.4,10.6,0,0.0
Delhi,2026-09-30T17:00,29.4,61,1009.5,7.1,0,0.0
Delhi,2026-09-30T18:00,27.7,69,1009.9,4.9,0,0.0
Delhi,2026-09-30T19:00,27.1,72,1010.4,5.0,0,0.0
Delhi,2026-09-30T20:00,26.4,75,1011.2,5.0,0,0.0
Delhi,2026-09-30T21:00,25.9,76,1011.4,5.6,0,0.0
Delhi,2026-09-30T22:00,25.5,77,1011.4,5.9,0,0.0
Delhi,2026-09-30T23:00,25.2,76,1011.3,6.1,0,0.0
Delhi,2026-10-01T00:00,24.8,77,1011.1,5.3,0,0.0
Delhi,2026-10-01T01:00,24.3,78,1011.2,4.9,0,0.0
Delhi,2026-10-01T02:00,23.8,81,1011.0,5.6,0,0.0
Delhi,2026-10-01T03:00,23.4,83,1010.7,5.2,0,0.0
Delhi,2026-10-01T04:00,23.1,85,1010.7,5.9,0,0.0
Delhi,2026-10-01T05:00,23.0,87,1011.0,6.3,0,0.0
Delhi,2026-10-01T06:00,22.9,87,1011.6,7.0,0,0.0
Delhi,2026-10-01T07:00,24.1,84,1012.5,7.6,0,0.0
Delhi,2026-10-01T08:00,26.0,78,1013.3,5.7,0,0.0
Delhi,2026-10-01T09:00,28.1,68,1013.9,6.2,0,0.0
Delhi,2026-10-01T10:00,30.0,60,1013.9,7.0,0,0.0
Delhi,2026-10-01T11:00,31.4,53,1013.3,7.9,0,0.0
Delhi,2026-10-01T12:00,32.6,45,1012.6,9.2,0,0.0
Delhi,2026-10-01T13:00,33.5,38,1011.5,11.1,0,0.0
Delhi,2026-10-01T14:00,33.7,36,1010.6,11.6,1,0.0
Delhi,2026-10-01T15:00,33.4,37,1010.0,11.7,0,0.0
Delhi,2026-10-01T16:00,32.6,42,1010.0,10.1,0,0.0
Delhi,2026-10-01T17:00,30.7,51,1010.2,6.5,0,0.0
Delhi,2026-10-01T18:00,29.0,59,1010.7,5.6,0,0.0
Delhi,2026-10-01T19:00,28.3,64,1011.5,5.2,0,0.0
Delhi,2026-10-01T20:00,27.7,67,1012.1,5.2,0,0.0
Delhi,2026-10-01T21:00,27.1,68,1012.4,5.5,0,0.0
Delhi,2026-10-01T22:00,26.5,70,1012.2,5.8,0,0.0
Delhi,2026-10-01T23:00,26.0,70,1012.0,6.1,0,0.0
Delhi,2026-10-02T00:00,25.2,74,1012.0,4.9,0,0.0
Delhi,2026-10-02T01:00,24.5,77,1011.9,7.5,0,0.0
Delhi,2026-10-02T02:00,23.9,79,1011.7,6.4,0,0.0
Delhi,2026-10-02T03:00,23.6,78,1011.6,6.6,0,0.0
Delhi,2026-10-02T04:00,23.5,76,1011.7,7.2,0,0.0
Delhi,2026-10-02T05:00,23.3,74,1012.2,7.1,0,0.0
Delhi,2026-10-02T06:00,23.0,73,1013.1,7.1,0,0.0
Delhi,2026-10-02T07:00,24.1,69,1014.1,8.1,0,0.0
Delhi,2026-10-02T08:00,25.8,65,1015.0,7.2,0,0.0
Delhi,2026-10-02T09:00,28.1,57,1015.3,7.0,0,0.0
Delhi,2026-10-02T10:00,30.3,50,1015.2,8.1,0,0.0
Delhi,2026-10-02T11:00,32.1,44,1014.7,8.9,0,0.0
Delhi,2026-10-02T12:00,33.5,39,1013.6,9.6,0,0.0
Delhi,2026-10-02T13:00,34.4,34,1012.6,11.3,0,0.0
Delhi,2026-10-02T14:00,34.6,33,1011.7,12.4,0,0.0
Delhi,2026-10-02T15:00,34.4,33,1011.1,12.6,0,0.0
Delhi,2026-10-02T16:00,33.5,36,1011.1,11.5,0,0.0
Delhi,2026-10-02T17:00,31.8,43,1011.3,8.4,0,0.0
Delhi,2026-10-02T18:00,29.9,51,1011.7,6.5,0,0.0
Delhi,2026-10-02T19:00,29.1,55,1012.3,6.7,0,0.0
Delhi,2026-10-02T20:00,28.3,58,1012.7,6.4,0,0.0
Delhi,2026-10-02T21:00,27.6,59,1012.8,6.2,0,0.0
Delhi,2026-10-02T22:00,27.0,61,1012.6,6.1,0,0.0
Delhi,2026-10-02T23:00,26.4,62,1012.0,5.9,0,0.0
Delhi,2026-10-03T00:00,25.6,65,1011.7,6.6,0,0.0
Delhi,2026-10-03T01:00,24.6,70,1011.2,6.0,0,0.0
Delhi,2026-10-03T02:00,24.2,71,1010.8,6.7,0,0.0
Delhi,2026-10-03T03:00,24.0,71,1010.7,6.6,0,0.0
Delhi,2026-10-03T04:00,23.7,71,1010.9,6.6,0,0.0
Delhi,2026-10-03T05:00,23.3,71,1011.5,7.6,0,0.0
Delhi,2026-10-03T06:00,23.9,67,1012.2,7.9,0,0.0
Delhi,2026-10-03T07:00,24.8,61,1013.1,8.3,0,0.0
Delhi,2026-10-03T08:00,26.2,55,1013.6,8.5,0,0.0
Delhi,2026-10-03T09:00,28.1,47,1013.6,8.9,0,0.0
Delhi,2026-10-03T10:00,30.5,40,1013.3,9.2,0,0.0
Delhi,2026-10-03T11:00,32.4,35,1012.7,9.7,0,0.0
Delhi,2026-10-03T12:00,33.7,32,1011.8,10.4,0,0.0
Delhi,2026-10-03T13:00,34.6,30,1010.8,11.0,0,0.0
Delhi,2026-10-03T14:00,34.9,30,1009.9,11.0,0,0.0
Delhi,2026-10-03T15:00,34.6,32,1009.4,10.0,0,0.0
Delhi,2026-10-03T16:00,33.8,35,1009.1,8.4,0,0.0
Delhi,2026-10-03T17:00,32.8,39,1009.1,6.9,0,0.0
Delhi,2026-10-03T18:00,31.8,44,1009.4,5.4,0,0.0
Delhi,2026-10-03T19:00,30.7,49,1009.9,4.0,0,0.0
Delhi,2026-10-03T20:00,29.7,54,1010.3,2.9,0,0.0
Delhi,2026-10-03T21:00,28.9,59,1010.3,2.4,0,0.0
Delhi,2026-10-03T22:00,28.1,62,1010.2,2.4,0,0.0
Delhi,2026-10-03T23:00,27.4,65,1009.9,2.4,0,0.0
Delhi,2026-10-04T00:00,26.7,68,1009.4,2.0,0,0.0
Delhi,2026-10-04T01:00,26.0,71,1008.8,2.4,0,0.0
Delhi,2026-10-04T02:00,25.4,72,1008.4,3.6,0,0.0
Delhi,2026-10-04T03:00,24.7,70,1008.3,5.0,0,0.0
Delhi,2026-10-04T04:00,24.0,67,1008.4,6.4,0,0.0
Delhi,2026-10-04T05:00,23.9,62,1008.7,7.5,0,0.0
Delhi,2026-10-04T06:00,24.4,57,1009.4,7.9,0,0.0
Delhi,2026-10-04T07:00,25.5,52,1010.2,8.0,0,0.0
Delhi,2026-10-04T08:00,26.8,47,1010.8,7.7,0,0.0
Delhi,2026-10-04T09:00,28.7,41,1011.0,7.3,0,0.0
Delhi,2026-10-04T10:00,30.9,37,1010.9,6.9,0,0.0
Delhi,2026-10-04T11:00,32.7,33,1010.5,6.7,0,0.0
Delhi,2026-10-04T12:00,34.0,32,1009.7,6.9,0,0.0
Delhi,2026-10-04T13:00,34.9,32,1008.5,7.1,0,0.0
Delhi,2026-10-04T14:00,35.3,32,1007.7,7.1,0,0.0
Delhi,2026-10-04T15:00,35.1,34,1007.4,6.9,0,0.0
Delhi,2026-10-04T16:00,34.5,37,1007.4,6.5,0,0.0
Delhi,2026-10-04T17:00,33.6,40,1007.6,5.2,0,0.0
Delhi,2026-10-04T18:00,32.4,44,1008.1,2.0,0,0.0
Delhi,2026-10-04T19:00,31.0,48,1008.9,2.4,0,0.0
Delhi,2026-10-04T20:00,29.8,53,1009.4,5.2,0,0.0
Delhi,2026-10-04T21:00,28.8,56,1009.5,5.6,0,0.0
Delhi,2026-10-04T22:00,28.0,60,1009.4,4.6,0,0.0
Delhi,2026-10-04T23:00,27.3,63,1009.2,3.9,0,0.0
Delhi,2026-10-05T00:00,26.9,66,1008.7,3.6,0,0.0
Delhi,2026-10-05T01:00,26.5,68,1008.1,3.4,0,0.0
Delhi,2026-10-05T02:00,26.2,70,1007.8,3.1,0,0.0
Delhi,2026-10-05T03:00,25.7,73,1007.9,2.8,0,0.0
Delhi,2026-10-05T04:00,25.2,76,1008.2,2.7,0,0.0
Delhi,2026-10-05T05:00,25.0,77,1008.7,3.0,0,0.0
Delhi,2026-10-05T06:00,25.5,75,1009.5,3.4,0,0.0
Delhi,2026-10-05T07:00,26.3,72,1010.5,3.8,0,0.0
Delhi,2026-10-05T08:00,27.5,67,1011.2,3.8,0,0.0
Delhi,2026-10-05T09:00,29.3,59,1011.3,3.5,0,0.0
Delhi,2026-10-05T10:00,31.5,51,1011.1,3.1,0,0.0
Delhi,2026-10-05T11:00,33.0,46,1010.9,3.0,0,0.0
Delhi,2026-10-05T12:00,33.7,43,1011.2,2.2,0,0.0
Delhi,2026-10-05T13:00,34.2,41,1010.7,3.0,0,0.0
Delhi,2026-10-05T14:00,34.4,40,1010.0,3.9,0,0.0
Delhi,2026-10-05T15:00,34.4,40,1009.3,4.9,0,0.0
Delhi,2026-10-05T16:00,34.3,40,1008.8,5.5,0,0.0
Delhi,2026-10-05T17:00,33.9,41,1008.6,5.6,0,0.0
Delhi,2026-10-05T18:00,33.3,44,1008.7,5.0,0,0.0
Delhi,2026-10-05T19:00,32.4,48,1009.1,4.2,0,0.0
Delhi,2026-10-05T20:00,31.2,53,1009.7,4.0,0,0.0
Delhi,2026-10-05T21:00,30.0,60,1010.2,4.6,0,0.0
Delhi,2026-10-05T22:00,28.9,66,1010.8,5.6,0,0.0
Delhi,2026-10-05T23:00,28.0,71,1011.2,6.6,0,0.0
